author_id,author_name,posts,videos
5ad2324f4eacab42cd9e34b3,爱吃榴莲,32,27
60927ebd0000000001008d0c,英语老师Freya,32,31
68b6dc49000000001903f44c,73B85Y79,32,3
5a0663badb2e6063dfda1bce,新黄河,32,29
65387be8000000000200edc5,七曜七曜,32,30
659e1f110000000022007309,玉米之子,32,0
64b898310000000014037b21,潇湘晨报,32,13
656d609a000000001902f6e5,Oooo小小哼^,32,30
60f6da0e0000000001006886,pengyu,32,22
620dc1f9000000001000da53,V中文版,32,10
5614aedb33f60c4e9c1eecbd,温暖的西瓜🍉,32,3
5b013e174eacab451d3bb25b,押题,32,3
69b173c0000000003303b613,河大卫常识中国,32,32
6781e6c70000000008019570,曲妙轩助理-男士鼻,32,32
60c2d9a50000000001002a5d,李哲柠McDowell,32,17
653b154d000000000200de63,皮肤科李晓建医生,32,32
68f9f6960000000037032a90,到底怎么学算法,32,0
67ca96810000000007002a88,小苏车居日记,32,32
5e3009f9000000000100bac9,Feeling.S,32,23
61aeeb90000000000202186f,沫沫的沫（看世界版）,32,23
668251cd0000000007006848,赵鹏 ~YOUNGEN,32,32
63db19bd000000002600686b,夏雨日记,32,1
618a552100000000210200af,moon makeup,32,10
5a56cc8511be100cf29152d8,影石Insta360,32,27
6159b97f000000001f038e46,准备寿司吧。,32,0
6003ce7800000000010066bc,扬州晚报,32,26
5bdafdf03f1adc0001032e53,第五人格,32,12
5f9cff950000000001008a1e,芝士蛋挞兔^,32,11
5d2904ae00000000110302be,赖赟【 Yunic models 主理人 】,32,23
688b11d6000000002801a031,腾讯广告技术,32,6
5dfc7eb90000000001002472,名侦探火龙果果,32,22
5b37a3934eacab2bda9b750b,桃子Artdor,32,12
64200f860000000012011572,一一🐳,32,30
67f15f18000000000d0091da,穆尧_YaoMarkMu,32,4
63475c3e000000001901c9eb,请叫我小H,32,0
5e36c9690000000001004ee8,ellazhao,32,22
5b224fb64eacab69a8e537c7,柠檬水酸酸的,32,0
6444d090000000001002822f,九派新闻,32,18
55177b212e1d9367ae7b18bc,命运摸了摸猪头发现红烧更入味,32,8
5e87f7b5000000000100bf0f,baekhyun宝💕,32,32
5c09f3a8f7e8b912abfa52c8,上海卡美星CAR AMAZING,32,14
5afef3744eacab41803c4a2e,小猪软糖🐽,32,2
5d9cb7270000000001004a3e,xiaozhu（改造中）,32,5
5c00a062000000000501b916,新闻晨报,32,31
658b9e95000000002001eb4f,零点出发,32,5
62ebe98a000000001f0073d0,茱丽叶无需等待,32,3
56a9ac09e4251d287c4d19cb,管管只扩唇（重庆）,32,25
64ebeb41000000000100c8e1,阿波罗21号LIVE,32,23
6739881b000000001d02f057,山花烂漫时,32,4
5dac3c52000000000100b31a,祺祺小食堂,31,0
64ccc437000000000b0077f3,晕转蛋糕盲盒,31,2
670beced000000001d022be7,柠檬仓鼠咪🍋,31,23
5fec26490000000001004a0c,aaaaanami(限流版,31,19
5fa77b7d0000000001006d3d,僵尸教授-,31,31
694c0210000000000300c788,张双双,31,23
5d529792000000001601e639,林述巍-林大厨,31,26
602771b1000000000101f8fc,扬子晚报,31,25
6128e884000000000100289d,蟹黄堡,31,1
5c67cdcb0000000011007a60,冬日雨,31,0
640a8726000000001400cd33,哈蔚特效主理人～送蛋白鼻,31,15
5add8ee54eacab728ca418d9,海豹恶霸,31,5
617fe518000000002102777c,小封要逃离地球,31,0
61129cc2000000000100a88c,浩敏教你流行唱法,31,31
5d35b6a5000000001202a3d1,JS.鱼丸,31,31
5f9452c20000000001006fdf,王小二呀,31,31
6682abe5000000000700636c,北极鹅,31,9
5f46572e0000000001005dd8,伊人说穿搭,31,3
5b06d43611be1027bcc98bec,爱做手工的小吃货,31,30
5cfbc3f10000000018023ebb,刘雨鑫JASON,30,29
62cf879d0000000002002c1a,过不去的门槛,30,0
61a0ea700000000021022ebe,Yili,30,29
642165fc0000000011023f57,飓多多StormCrew,30,29
5a2eb00ae8ac2b2e0ffe9020,打工小羊,30,4
59698bd650c4b461e499dfe3,大昭姓李,30,30
654310650000000030030f91,三人行,30,11
61f25d310000000010006af1,Samsara's Newest Hymn,30,1
60d801ec000000000100208b,8loyou,30,7
69f0ac89000000000103f401,太原豪房月月,30,23
5a6d7b9711be1028adee81fe,关关在日本,30,8
65c753e300000000130367a2,昨天不是起过床了嘛！,30,8
60bc4fdf000000000101c0b9,Cheney虾滑,30,3
60e94397000000000100763c,Piki,30,16
610b2849000000000101d7c4,谁还不是小可爱了,30,26
682ab483000000000601dc8b,闪思茶水间APP,30,0
60f50bda000000000100bdf5,白于醉酒挽梦,30,30
603fa05b0000000001007ea6,绮,30,11
63ac408b0000000026004517,靓女办公室,30,30
66cdd7e9000000001d032d47,珊瑚頌詞,30,26
5ef3e241000000000101e40e,黎苋潼,30,1
5c11d93a0000000007009361,zlina🍂,30,2
66cc7290000000001d0317a6,유유아기🐽🍓,30,14
59904238db2e6018598d25b8,芝士脑袋,30,0
610089f90000000001006ec8,开心就好,30,0
668144bc00000000030336ca,纯社长面部设计,30,30
6534c12e0000000004008fc6,悲催打工仔,30,0
5ff26b060000000001003a8d,哈尔滨日报冰城+,30,30
56ffef671c07df16c4ba031d,Diane select,30,13
68d8fd95000000001a01cc1c,小眨酱Wink,30,30
557465fd484fb63b616633fd,王者出发,30,10
5e393ce90000000001009c7a,一碟菜头丸,30,29
5afe277711be104bacf1e7ed,碎碎念,30,3
64ec03d300000000010073e4,🍀考生心事收容所bot,30,0
67ef8d70000000000e012403,刘先森,30,23
67f6afe0000000000e012955,米多多爱吃肉,30,30
650820430000000012007c86,修和·有道,30,26
5dd8e4110000000001009a6d,william,30,28
5c4318f3000000000701a0f9,奥路北山,30,29
5cf1b3c8000000001602465a,解离,30,0
5af6e4b46b58b7514b304dd3,马儿到处跑,30,30
67f909ed000000000a03dc33,小鱼日记,30,30
68d02d96000000002202ad10,养一只矿,30,30
6544947600000000040093f7,一颗大橙子 大C,30,4
610cb042000000000101578d,施施酱紫,30,26
61bc387d000000001000fa51,或许,30,30
5d119d270000000016023147,王蕾卖串记,30,30
64d8d91200000000010109eb,不是睿睿,30,26
6a0093370000000002000c03,刘果果吖,30,30
57ab1b5782ec3965a3f852d5,今天睡懒觉吗,30,7
5a9eb05411be1050136ffffb,热带鱼,30,29
66d91795000000000b031869,环球葩豪宅,30,27
5939635450c4b43e30c3870c,爱上杨戬江晏景元怎么会是我错,30,4
5f83c6320000000001009569,DAI,30,7
625a785a0000000021028cc9,菲利卡,30,1
5a21271cb1da14278ddf0362,小铁几,30,0
5dbd3e9d0000000001008c37,MLMA7,29,27
5ee1d8c0000000000101f381,凯凯大王不爱吃鱼🥕,28,5
5c727938000000001200d06a,罗翔老师,28,28
666c22aa0000000003031128,momo,27,0
60c037a70000000001009c1f,哟嘻哟嘻,26,0
663c23ae0000000007004c08,发呆无能者,26,5
5e70d7ac000000000100a8d1,orancas_ge,25,16
6440ddc0000000001f031ac9,虎哥数学,24,5
63a2d93900000000260106a2,顺其自然的马铃薯,24,4
6922856f000000003201760f,西海岸醒来,24,7
64acd9bc000000001c02aae0,坏那夏,24,24
5f1b9c6e000000000101dca8,我上班真的崩溃,22,0
69b77a350000000032019c15,哒哒,22,1
5b60644fe8ac2b3b3053ce40,momo,22,0
659605160000000022014ac1,momo（秋招战魂版）,21,0
69df355e0000000026000267,Stephan 施泓杰 Bökelmann,21,1
6022cb44000000000100b536,炫盒布丁,21,1
683425b4000000001d01739a,栗,20,20
6919e41a000000003702bb4b,摇一摇,20,1
69ef065d0000000002001405,棕袜子,20,20
645f8187000000001002523a,Oliver Zhang,19,0
60e5c01d0000000001002bee,阳小阳的羊,19,10
5f50a47000000000010060a7,北爱💗（0投资短剧收徒 免费带）,18,2
62e0a52b000000001f0171be,散以,18,0
60cc9bf5000000000100b953,屿风,18,18
668a26b700000000030336e2,大厂新同学,17,1
62e35ce6000000001f017a56,lil abalone,17,6
696a065f000000003201ed41,Kasre,16,4
65bcb4d3000000000903ccdd,一颗番茄喵,16,0
59faf805e8ac2b531898c4a5,鱼dduo,16,8
65241d68000000002a01bc38,爨爨,16,1
5dd7924200000000010069bf,mandy.munchies,15,13
63b5a77f0000000026011efb,姜饼人,15,0
644a5d8c0000000012037623,lIlIlIlIlI,15,0
5e3aa132000000000100048b,若,15,0
64c1371b0000000014036740,Leila.Hsia,14,0
5a16f1bedb2e607c6ccd3e1d,嚼菜根的小野学姐（南大读研版）,14,1
64d8f3d00000000001011e3f,青梅奶冻去糖,14,10
69feb7e70000000001007000,小王,13,12
69f4770e0000000002002804,小茗不是天才,13,0
67bc7504000000000e02ed82,弃皇,13,13
67e21c4e000000000e0107fe,柚子,12,0
68495857000000001e038d6b,沙琪玛栗子酱,12,0
606a839e000000000100a08f,努力奋斗的小明同学,11,0
634d81db000000001901c4e9,击穿心智电波,11,11
5e0fdb26000000000100063b,乌漆嘛黑的心,10,0
5a6af7bb4eacab1c8eaf78ca,momo2.0,10,0
562367410bf90c2084aafabd,Why S.B.Q,10,0
6a22aa0e000000000800a802,屿灵,10,0
62fdb4ea000000000f007a1a,momo,9,0
62a580da000000001b024be6,Evangeline,9,9
659ce4c4000000001f038ec0,李电池今天充电了吗,9,0
60b4f6ec000000000101da98,平安,9,0
6565a0e4000000001000bbd8,Ycc,8,0
541ea945b4c4d63115181cf6,花花的世界,8,0
67b0395e000000000a03c3ef,豆角花子艺,8,0
678e9591000000000e01fb68,千代的音播日记,8,3
6387a21b000000001f0177aa,ｍｏｍｏｎｏ,8,1
60746233000000000100b762,游ne王子,7,0
5bc02b436221f8000153c9b4,坠入凡间,7,0
5ab303d7e8ac2b4f5dc2799d,Lainey,7,0
66fab861000000001e00e830,糯米丸子不会丸,7,0
681333e4000000000e012af6,mijin park,7,3
5bdd11d7791cc4000186eb7f,Henry,7,0
63fd6e45000000001001fda6,🐳和嘎嘎的电子日记,7,0
5c087bc40000000006002ee5,涵涵,6,3
666565c20000000007005c62,YY,6,0
652d4ef8000000002a03415c,KK,6,0
5b384e6b4eacab6c1d6ec772,三分糖冻柠茶,6,1
60fc4dbd000000002002a60f,沈点钱💰,6,0
5eaba48400000000010025dc,西山雨,6,0
5f09c8aa000000000101d9d8,小温不吃香菜哦,6,3
5d3bb6660000000012031eb6,℡,5,0
64ede9830000000001011fea,Tony16810,5,0
6a474ac9000000000e03bc01,momo,5,0
63ef9520000000000f0102cf,忧郁度,5,0
6a2e48d5000000000f039000,沐木暖阳🌻,5,0
686cf8b4000000001b0211e3,硬枕,5,4
61fa62010000000010009ae9,AI上大模型刷题姬,5,0
60113a4600000000010034dd,是否,5,0
5ac45df5e8ac2b531fe27350,so：lo,4,1
5c0213520000000008008e26,wildays,4,0
69622dce0000000014015d0e,momo,4,0
6a4c99530000000010000803,慕容星,4,4
637ce578000000001f01dd4b,任我行,4,0
5fb8cf0c00000000010074b6,kikomiao_,3,0
6332f0b600000000230389a0,山茶花,3,1
67f09c0e000000000a03d726,难喃,3,0
64de58c30000000002010aec,花儿与少年,3,0
609096500000000001004341,沐风藏雾里,3,0
6735dcaf000000001c0188e3,momo的日常,3,0
603b473b0000000001007664,3721,3,0
67884d96000000000801f6e6,momo,3,0
698a065c000000001d01b40a,momo,3,0
6a34d5c40000000010000400,小奕,3,0
6205c5060000000010006892,momo,2,0
5ec15e4b000000000101ee0c,kk,2,0
6a326a3e000000000e03d400,小橘爱学习,2,0
5f93adab00000000010033e4,ovo,2,0
5cc19b5f0000000016005079,辛棠｜甄选,2,0
685aafd0000000001d00ae3a,地理老师咋这萌w,2,0
64a8d1030000000011003420,-_-#,2,0
5d9acbce0000000001007e60,初唯,2,0
60624bea000000000101ea72,绒絮,2,0
62ff8869000000000f0040c5,人类王,2,0
5ead36540000000001001e2f,薯条🍟,2,0
61eea9bd0000000021027b8b,🍀,2,0
69969bdf000000001d01b4e1,TTL,1,0
63c20d420000000027028332,纤诗,1,0
6851401f000000001b0233e9,快乐小喵,1,0
694b74af0000000037004e36,苯人,1,0
6852195c000000001d0090ab,rioriri,1,0
69bea8640000000032036927,积极的柑橘,1,0
643bb66200000000290140b2,wxh.,1,0
5cd65761000000001602ef20,粥粥魚,1,0
5c4dc1c200000000110165f4,yc,1,0
67fd03f3000000000d00b1f2,77,1,0
64f437c40000000005003466,两个字其实是三个字,1,0
5e69227f000000000100337c,关于夏,1,0
5d0720a1000000001101aa22,🐾,1,0
693555b800000000370281cc,皮蛋粥,1,0
